learning_rate,x0,x_final,f(x_final),iteraciones
0.01,-3.0,-0.0012504415071755836,-0.9999992181981204,1000
0.01,0.585,2.601237612326371e-05,-0.9999999996616782,1000
0.01,4.0,6.282994970392709,-0.9999999818859538,1000
0.05,-3.0,-9.555620888142944e-07,-0.9999999999995435,339
0.05,0.585,9.748351419105865e-07,-0.9999999999995248,261
0.05,4.0,6.283184307891449,-0.9999999999995007,300
0.1,-3.0,-9.492407233003575e-07,-0.9999999999995495,167
0.1,0.585,9.347976281521371e-07,-0.9999999999995631,128
0.1,4.0,6.283184404424614,-0.9999999999995925,148
